id,name,grade,maximumStacks,description,mechanic,primaryValue,secondaryValue,chancePercent,duration,triggerCount,effects,tertiaryValue,internalCooldown,buildTags,rulesDescription,requirements,prerequisites,exclusions
augment_aim_vitals,급소를 노려,Common,1,치명타 확률 +10%p.,None,0,0,0,0,1,CriticalChancePercent:10,0,0,치명타,총 확률 100% 상한. 치명타 가능한 직접 타격만.,None,,
augment_battle_instinct,전투 본능,Common,1,일반공격 피해 +15%.,None,0,0,0,0,1,AttackDamagePercent:15,0,0,일반공격,일반공격 본체에 적용. 추가타 재계산으로 이중 증폭하지 않음.,None,,
augment_hardened_claws,단단한 발톱,Common,1,상태이상에 걸린 적에게 일반공격 피해 +12%.,HardenedClaws,12,0,0,0,1,,0,0,일반공격·상태이상,상태 종류/개수와 무관하게 한 번만 적용.,AnyStatus,,
augment_healthy_beauty,건강미,Common,1,실제로 받는 HP 회복량 +15%.,HealthyBeauty,15,0,0,0,1,,0,0,HP·회복,초과 회복은 버림. HP 증가에 따른 현재 HP 보정은 회복에서 제외.,None,,
augment_lethal_attack,치명적인 공격,Common,1,치명타 피해 배율 +0.10. 예: 1.50배에서 1.60배.,None,0,0,0,0,1,CriticalDamagePercent:10,0,0,치명타,치명타 확률이 있는 빌드에 유효.,None,,
augment_mana_crystal,마력 결정,Common,1,스킬 피해 +15%.,None,0,0,0,0,1,SkillDamagePercent:15,0,0,스킬,시그니처의 별도 피해 필드까지 동일 기준 적용 필요.,None,,
augment_tailwind,순풍,Common,1,회피 쿨타임 -15%.,None,0,0,0,0,1,DodgeCooldownPercent:15,0,0,회피·쿨타임,회피 무적 종료 후 다음 회피까지 최소 0.15초의 간격이 있습니다.,None,,
augment_technician,기술자,Common,1,스킬 종료 후 3초 안에 맞힌 다음 일반공격 피해 +30%.,Technician,30,0,0,3,1,,0,0,스킬·일반공격,1회 소비. 재발동은 시간 갱신. 다단히트 공격은 행동 합산 피해 기준.,None,,
augment_thick_scales,두꺼운 비늘,Common,1,최대 HP +20%.,None,0,0,0,0,1,MaxHPPercent:20,0,0,HP·방어,실제 피해 감소 효과는 없음.,None,,
augment_battle_breath,전투 호흡,Common,1,전투 승리 시 최대 HP 3% 회복.,BattleBreath,3,0,0,0,1,,0,0,HP·회복,승리 확정 후 1회. 초과 회복 버림.,None,,
augment_first_strike,선제 타격,Common,1,전투에서 처음 적중한 일반공격 피해 +50%.,FirstStrike,50,0,0,0,1,,0,0,일반공격,전투당 1회. 빗나가면 소비하지 않음.,None,,
augment_guard_training,방어 훈련,Common,1,받는 최종 피해 5% 감소.,GuardTraining,5,0,0,0,1,DamageReductionPercent:5,0,0,방어,기존 DR과 합산 후 80% 상한. HP 비용 제외.,None,,
augment_light_foot,가벼운 발걸음,Common,1,회피가 끝난 후 1초간 받는 피해 10% 감소.,LightFoot,10,0,0,1,1,,0,0,회피·방어,"재발동 시 갱신, 중첩 없음. 무적 연장 아님.",None,,
augment_lingering_status,잔류성,Common,1,자신이 부여하는 화상·둔화·마비 지속시간 +15%.,LingeringStatus,15,0,0,0,1,,0,0,상태이상,전용 Legendary의 고정 시간·시간 정지·기절·영구 중독 제외.,None,,
augment_patient_aim,신중한 조준,Common,1,일반공격을 1.5초 이상 사용하지 않은 뒤 다음 일반공격 치명타 확률 +15%p.,PatientAim,15,0,0,1.5,1,,0,0,일반공격·치명타,행동당 1회. 한 번 공격하면 대기 시간 초기화.,None,,
augment_resourceful_breath,여유로운 호흡,Common,1,HP 70% 이상일 때 스킬 피해 +12%.,ResourcefulBreath,12,0,0,0,1,,0,0,HP·스킬,각 본체 타격 시 현재 HP 판정.,None,,
augment_status_hunter,이상 추적,Common,1,상태이상 대상에게 스킬 본체 피해 +10%.,StatusHunter,10,0,0,0,1,,0,0,상태이상·스킬,상태 개수와 무관하게 1회.,AnyStatus,,
augment_steady_breath,차분한 호흡,Common,1,적 공격으로 HP 피해를 받지 않고 5초가 지나면 최대 HP 1% 회복.,SteadyBreath,1,0,0,5,1,,0,0,HP·회복·회피,5초마다 반복. 자발적 HP 소비는 대기 시간을 초기화하지 않음.,None,,
augment_toxic_study,독성 연구,Common,1,화상·중독의 틱 피해 +10%.,ToxicStudy,10,0,0,0,1,,0,0,상태이상·지속 피해,직접 공격이나 파생 추가타에 적용하지 않음.,None,,
augment_ward_weave,보호막 직조,Common,1,자신에게 생성되는 보호막 양 +15%.,WardWeave,15,0,0,0,1,,0,0,방어,지속시간 연장 없음. 새로 생성할 때만 보정.,Shield,,
augment_acceleration_circuit,가속 회로,Rare,1,일반공격 쿨타임 -20%.,None,0,0,0,0,1,AttackCooldownPercent:20,0,0,일반공격·쿨타임,쿨타임 감소는 다른 효과와 합쳐 최대 60%까지 적용됩니다.,None,,
augment_consecutive_slash,연속베기,Rare,1,일반공격 적중 행동마다 25% 확률로 해당 본체 최종 피해의 60% 추가타.,ConsecutiveSlash,60,0,25,0,1,,0,0,일반공격·추가타,행동당 1회 추첨. 추가타는 연쇄 재발동·추가 치명타 없음.,None,,
augment_cooling_rune,냉각 룬,Rare,1,스킬 쿨타임 -20%.,None,0,0,0,0,1,SkillCooldownPercent:20,0,0,스킬·쿨타임,성천의 쿨타임 중 추가타 기회가 줄 수 있음.,None,,
augment_dodge_master,회피 마스터,Rare,1,실제 회피 성공 시 남은 스킬 쿨타임 10% 감소.,DodgeMaster,10,0,0,0,1,,0,0,회피·스킬·쿨타임,플레이어 회피 무적으로 적 공격을 피한 경우만. 마비/신기루/시전 무적 제외.,None,,
augment_flame_remnant,화염 잔재,Rare,1,스킬이 처음 적중할 때 화상 3초. 매초 기본 공격력의 20% 피해.,FlameRemnant,20,0,0,3,1,,0,0,상태이상·화상,시전당 1회. 갱신해도 다음 틱 지연 금지. 기존 강한 화상 덮어쓰기 금지.,None,,
augment_giant_heart,거인의 심장,Rare,1,최대 HP +40%. 일반공격·스킬 쿨타임 +10%.,None,0,0,0,0,1,MaxHPPercent:40;AttackCooldownPercent:-10;SkillCooldownPercent:-10,0,0,HP·방어,피해 감소와 별개.,None,,
augment_ice_cream,아이스크림,Rare,1,"스킬 첫 적중 시 10% 확률로 적 공격속도 30% 둔화, 3초.",IceCream,30,0,10,3,1,,0,0,상태이상·둔화,"시전당 1회 추첨. 기본 상태는 비중첩, 빙결 축적 보유 시만 스택 허용.",None,,
augment_predator_eye,포식자의 눈,Rare,1,치명타 확률 +15%p.,None,0,0,0,0,1,CriticalChancePercent:15,0,0,치명타,일반 급소를 노려와 합산. 총 100% 상한.,None,,
augment_rapid_fire_instinct,속사 본능,Rare,1,일반공격 3회 적중 행동마다 5초간 일반공격 쿨타임 -15%.,RapidFireInstinct,15,0,0,5,3,,0,0,일반공격·쿨타임,버프 중첩 없이 갱신. 추가타/미르의 두 번째 타격은 행동 수 증가 없음.,None,,
augment_reinforced_wings,강화 날개,Rare,1,회피 지속시간 +25%.,None,0,0,0,0,1,DodgeDurationPercent:25,0,0,회피,회피 거리는 변하지 않습니다. 무적 종료 후 다음 회피까지 최소 0.15초의 간격이 있습니다.,None,,
augment_sharp_claws,예리한 발톱,Rare,1,일반공격 피해 +35%. 스킬 쿨타임 +30%.,None,0,0,0,0,1,AttackDamagePercent:35;SkillCooldownPercent:-30,0,0,일반공격·대가,강림 재사용 빈도와 교환 관계.,None,,
augment_spread,스프레드,Rare,1,일반공격 적중 시 본체 최종 피해의 30%를 별도 추가타로 적용.,Spread,30,0,0,0,1,,0,0,일반공격·추가타,행동당 1회. 한 대상에게만 적용됩니다. 연쇄 재발동·추가 치명타 없음.,None,,
augment_static_discharge,정전기 방출,Rare,1,일반공격 5회 적중 행동마다 기본 공격력의 70% 번개 추가타.,StaticDischarge,70,0,0,0,5,,0,0,일반공격·추가타,별도 치명타 없음. 번개 상성 적용. 원본 최종 피해 복사가 아님.,None,,
augment_tingly,찌릿찌릿,Rare,1,스킬 첫 적중 시 10% 확률로 마비 1.5초.,Tingly,0,0,10,1.5,1,,0,0,상태이상·마비,현재 마비: 지속 중 적 공격 20% 실패. 완전 행동 정지 아님. 시전당 1회 추첨.,None,,
augment_blood_recovery,혈기 회수,Rare,1,HP를 소비한 스킬이 정상 종료되면 해당 시전의 실제 HP 소비량 30% 회복.,BloodRecovery,30,0,0,0,1,,0,0,HP·회복·스킬,"실제로 소비한 HP를 기준으로 회복합니다. 취소 시 회복하지 않으며, 비용 관련 회복은 누적 소비 HP를 넘지 않습니다.",HpCost,,
augment_cold_opening,서리의 틈,Rare,1,둔화 대상 일반공격 피해 +20%.,ColdOpening,20,0,0,0,1,,0,0,둔화·일반공격,둔화 강도·스택 수에 관계없이 한 번.,Slow,,
augment_spell_rhythm,마법의 박자,Rare,1,일반공격 4회 적중 행동마다 다음 스킬 본체 피해 +20%.,SpellRhythm,20,0,0,0,4,,0,0,일반공격·스킬,"1개 저장. 스킬 첫 발동에서 소비, 해당 시전 전체에 적용.",None,,
augment_stone_retort,반격의 비늘,Rare,1,적 공격으로 HP 피해를 받으면 2초 안의 다음 일반공격 피해 +40%.,StoneRetort,40,0,0,2,1,,0,3,방어·일반공격,다음 1회만. 내부 쿨타임 3초. 자해/0 피해 제외.,None,,
augment_venom_fang,독니,Rare,1,일반공격 적중 행동마다 20% 확률로 4초 중독. 2초마다 기본 공격력 15% 피해.,VenomFang,15,0,20,4,1,,0,0,중독·일반공격,베놈 영구 중독을 약화/기간 제한하지 않음. 단일 중독 강도·수명 합성.,None,,
augment_vital_strike,생명 수확,Rare,1,일반공격 4회 적중 행동마다 최대 HP 2% 회복.,VitalStrike,2,0,0,0,4,,0,1,일반공격·회복,추가타 카운트 제외. 내부 쿨타임 1초.,None,,
augment_clone,분신,Epic,1,치명타 일반공격 행동에서 치명타가 난 본체 피해 합계의 20%로 추가타 2회.,Clone,20,0,0,0,2,,0,0,일반공격·치명타·추가타,행동당 최대 한 쌍. 추가타는 다른 발동 효과를 부르지 않음.,None,,
augment_executioner,처형자,Epic,1,치명타 확률 +20%p. 치명타 피해 배율 +0.35.,None,0,0,0,0,1,CriticalChancePercent:20;CriticalDamagePercent:35,0,0,치명타,확률 100% 상한.,None,,
augment_exploit_weakness,약점 찌르기,Epic,1,상성 우위의 일반공격·스킬 본체 피해 +40%.,ExploitWeakness,40,0,0,0,1,,0,0,일반공격·스킬·상성,이중 속성은 실제 선택된 상성 결과 기준. DoT와 파생 추가타 제외.,None,,
augment_first_aid,응급 처치,Epic,1,HP 30% 이하에서 적 공격으로 HP가 감소하면 3초간 일반공격·스킬 쿨타임 -50%. 전투당 1회.,FirstAid,50,30,0,3,1,,0,0,HP·쿨타임,자발적 HP 소비·완전 흡수·0 피해 제외. 이름과 달리 회복 효과 없음을 설명.,None,,
augment_frost_barrier,서리 장벽,Epic,1,"회피를 시도했지만 피하지 못하고 HP 피해를 받으면 최대 HP 15% 보호막, 4초.",FrostBarrier,15,15,0,4,1,,0,15,회피·방어,내부 쿨타임 15초. 보호막 출처별 수명 유지.,None,,
augment_indomitable_will,불굴의 의지,Epic,1,적 공격으로 실제 HP 피해를 받으면 남은 스킬 쿨타임 30% 감소.,IndomitableWill,30,0,0,0,1,,0,5,방어·스킬·쿨타임,내부 쿨타임 5초. HP 소비·무적·보호막 완전 흡수 제외.,None,,
augment_inferno,업화,Epic,1,"화상 대상에게 치명타 확률 +25%p, 치명타 피해 배율 +0.20.",Inferno,25,20,0,0,1,,0,0,화상·치명타,엠버 전용기의 +50%p와 합산 후 확률 상한.,Burn,,
augment_last_stand,배수의 진,Epic,1,잃은 HP 10%마다 일반공격·스킬 본체 피해 +5%.,LastStand,5,0,0,0,1,,0,0,HP·일반공격·스킬,"10% 구간 단위, 최대 +45%. 파생 추가타에 재적용하지 않음.",None,,
augment_mana_rampage,마나폭주,Epic,1,스킬 쿨타임 -30%. 실제 시전 시작 시 최대 HP 2% 소비.,ManaRampage,2,0,0,0,1,SkillCooldownPercent:30,0,0,HP·스킬·쿨타임,모든 HP 비용을 합산해 지불합니다. 사용 후 HP가 1 이상 남아야 합니다. 취소해도 비용은 돌아오지 않으며 추가타에는 비용이 없습니다.,None,,
augment_overload_core,과부하 코어,Epic,1,일반공격 쿨타임 +50%. 일반공격 적중 행동마다 남은 스킬 쿨타임 0.5초 감소.,OverloadCore,0.5,0,0,0,1,AttackCooldownPercent:-50,0,0,일반공격·스킬·쿨타임,전이와 함께 획득할 수 없습니다. 모든 스킬 쿨타임 환급은 초당 기본 쿨타임의 20%까지만 적용됩니다.,None,,augment_transference
augment_survival_instinct,생존 본능,Epic,1,최대 HP +30%. 회피 쿨타임 -25%.,None,0,0,0,0,1,MaxHPPercent:30;DodgeCooldownPercent:25,0,0,HP·회피,회피 무적 종료 후 다음 회피까지 최소 0.15초의 간격이 있습니다.,None,,
augment_time_compression,시간 압축,Epic,1,최대 HP -15%. 일반공격·스킬 쿨타임 -25%.,None,0,0,0,0,1,MaxHPPercent:-15;AttackCooldownPercent:25;SkillCooldownPercent:25,0,0,HP·쿨타임,최대 HP가 감소해도 현재 HP는 최소 1 남습니다. 쿨타임 감소는 합계 60%까지 적용됩니다.,None,,
augment_transference,전이,Epic,1,일반공격 본체와 그에 종속된 추가타 피해 -50%. 적중 행동마다 남은 스킬 쿨타임 0.75초 감소.,Transference,0.75,50,0,0,1,AttackDamagePercent:-50,0,0,일반공격·스킬·대가,과부하 코어와 배타. 강림/성천/정전기 추가타도 피해 대가 적용.,None,,augment_overload_core
augment_war_dragon_blood,전투룡의 피,Epic,1,일반공격·스킬 피해 +25%.,None,0,0,0,0,1,AttackDamagePercent:25;SkillDamagePercent:25,0,0,일반공격·스킬,스킬 별도 피해 필드 누락 보정 선행.,None,,
augment_casting_ward,시전 보호,Epic,1,"스킬 시작 시 최대 HP 8% 보호막, 2초.",CastingWard,8,0,0,2,1,,0,6,스킬·방어,내부 쿨타임 6초. 출처별 수명. 보호막은 티탄 시전 성공을 보장하지 않음.,None,,
augment_critical_circuit,치명 회로,Epic,1,치명타 일반공격 행동마다 남은 스킬 쿨타임 0.3초 감소.,CriticalCircuit,0.3,0,0,0,1,,0,0.5,치명타·일반공격·쿨타임,공격 한 번당 1회 발동. 재발동 대기시간 0.5초. 모든 스킬 쿨타임 환급은 초당 기본 쿨타임의 20%까지만 적용됩니다.,Critical,,
augment_evasive_counter,회피 반격,Epic,1,"실제 회피 성공 후 2초 안의 다음 일반공격이 치명타, 피해 +30%.",EvasiveCounter,30,0,0,2,1,,0,3,회피·일반공격·치명타,내부 쿨타임 3초. 시간 정지/마비로 공격이 없던 경우 발동 불가.,None,,
augment_frost_accumulation,빙결 축적,Epic,1,"둔화 재부여 시 서리 1스택, 최대 5. 스택당 받는 일반공격·스킬 피해 +4%.",FrostAccumulation,4,0,0,0,1,,0,0.5,둔화·상태이상,첫 둔화도 1스택. 동일 시전당 1회. 0.5초 간격 제한. 둔화 종료 시 전부 해제. 속도 감소는 중첩 금지.,Slow,,
augment_restorative_magic,회복 마력,Epic,1,스킬 정상 종료 시 최대 HP 4% 회복.,RestorativeMagic,4,0,0,0,1,,0,5,스킬·회복,내부 쿨타임 5초. 취소/메아리/추가타는 발동하지 않음.,None,,
augment_toxic_precision,독성 급소,Epic,1,중독 대상에게 치명타 피해 배율 +0.50.,ToxicPrecision,50,0,0,0,1,,0,0,중독·치명타,직접 치명타만. 중독 틱 자체는 치명타 불가.,"Poison, Critical",,
augment_double_casting,더블 캐스팅,Unique,1,공용 스킬 쿨타임 +50%. 공용 스킬 본체 피해의 60%를 0.15초 뒤 한 번 메아리 타격.,DoubleCasting,60,50,0,0.15,1,,0,0,스킬·추가타·대가,전용 Legendary 제외. 원본 실제 피해 합산 후 파생 피해 1회. 회복/상태/HP 비용/시전 이벤트 복제 금지.,CommonSkill,,
augment_dragon_king_blessing,용왕의 축복,Unique,1,최대 HP +50%. 일반공격·스킬 피해 +25%.,None,0,0,0,0,1,MaxHPPercent:50;AttackDamagePercent:25;SkillDamagePercent:25,0,0,HP·일반공격·스킬,범용 성장 선택지.,None,,
augment_glass_cannon,유리대포,Unique,1,최대 HP -50%. 일반공격·스킬 피해 +50%.,None,0,0,0,0,1,MaxHPPercent:-50;AttackDamagePercent:50;SkillDamagePercent:50,0,0,일반공격·스킬·대가,생존력 감소를 선택창에 명확하게 표시.,None,,
augment_perfect_flow,완전한 흐름,Unique,1,일반공격·스킬·회피 쿨타임 -30%.,None,0,0,0,0,1,AttackCooldownPercent:30;SkillCooldownPercent:30;DodgeCooldownPercent:30,0,0,쿨타임,쿨타임 감소는 합계 60%까지 적용됩니다. 회피 무적 종료 후 다음 회피까지 최소 0.15초의 간격이 있습니다.,None,,
augment_seal,봉인,Unique,1,"공용 스킬을 봉인. 일반공격 피해 +50%, 일반공격 쿨타임 -30%. 전용 Legendary는 사용 가능.",Seal,0,0,0,0,1,SkillDisabled:1;AttackDamagePercent:50;AttackCooldownPercent:30,0,0,일반공격·대가,공용 스킬 증강과 배타. 전용기를 새로 지급하는 효과는 없음.,None,,augment_double_casting;augment_vampire;augment_arcane_apotheosis;augment_twin_mastery
augment_vampire,뱀파이어,Unique,1,"공용 스킬 쿨타임 -50%, 시전 시 최대 HP 5% 소비. 일반공격 본체 실제 피해의 5% 흡혈.",Vampire,5,5,0,50,1,,3,0,HP·회복·스킬·대가,흡혈은 초당 최대 HP의 3%까지 가능합니다. 전용기는 쿨타임 감소와 추가 HP 비용 대상이 아닙니다. HP 비용은 합산하며 사용 후 HP가 1 이상 남아야 합니다.,CommonSkill,,
augment_armored_offense,공방일체,Unique,1,보호막이 있는 동안 일반공격·스킬 피해 +25%. 보호막이 흡수한 피해 30%를 다음 일반공격 추가타로 방출.,ArmoredOffense,25,30,0,0,1,,200,0,방어·일반공격·스킬,저장 상한 기본 공격력 200%. 소비 후 초기화. 연쇄 재발동·별도 치명타 없음. 전투 종료 시 삭제.,Shield,,
augment_combat_cadence,전투의 운율,Unique,1,일반공격 5회 적중 행동마다 기본 공격력 150%의 독립 추가타.,CombatCadence,150,0,0,3,5,,0,0,일반공격·추가타,"본체 추가타가 아님. 캐릭터 속성·상성 적용, 별도 치명타/연쇄 재발동 없음. 3초 미적중 시 카운터 초기화.",None,,
augment_measured_power,축적된 힘,Unique,1,"스킬 사용 가능 후 기다린 1초마다 해당 스킬 피해 +10%, 최대 +50%.",MeasuredPower,10,50,0,0,1,,0,0,스킬·대기,시전 시 소비. 쿨타임을 기다리는 시간은 포함하지 않음. 독립 상태창 없이 아이콘 표시 가능.,None,,
augment_persistent_affliction,지독한 잔재,Unique,1,화상·중독 틱 간격 20% 감소. 직접 일반공격·스킬 본체 피해 -10%.,PersistentAffliction,20,0,0,0,1,AttackDamagePercent:-10;SkillDamagePercent:-10,0,0,지속 피해·대가,"히드라 가속과 곱연산, 최소 틱 간격 0.25초. 재부여로 틱 지연 금지.",None,,
augment_absolute_frost,절대 서리,Legendary,1,서리 5스택 대상에게 다음 스킬 첫 적중 시 기본 공격력 300% 얼음 추가타 후 서리 스택 소비.,AbsoluteFrost,300,0,0,0,1,,0,3,둔화·스킬,빙결 축적 선행 필요. 둔화 자체는 해제하지 않음. 해당 시전은 재적립 불가. 내부 쿨타임 3초.,Slow,augment_frost_accumulation,
augment_arcane_apotheosis,마력의 정점,Legendary,1,스킬 3회 정상 종료마다 다음 공용 스킬 피해 +100%.,ArcaneApotheosis,100,0,0,0,3,,0,0,스킬,시그니처 종료도 카운트 가능. 강화는 공용 스킬만 소비. 설치기는 설치 성공을 종료로 셈. 최대 1개 저장.,CommonSkill,,
augment_crimson_cycle,불멸의 순환,Legendary,1,"실제 HP 소비 누적이 최대 HP 20%에 도달하면 4초간 일반공격·스킬 피해 +40%, 최대 HP 8% 회복.",CrimsonCycle,40,8,0,4,1,,20,8,HP·회복·스킬,강화 중에는 HP 소비를 누적하지 않습니다. 재발동 대기시간 8초. 비용 관련 회복은 누적 소비 HP를 넘지 않습니다.,HpCost,,
augment_critical_destiny,필살의 운명,Legendary,1,"치명타가 없는 일반공격 행동 1회마다 집중 1개. 3개가 되면 다음 일반공격은 치명타 확정, 치명타 배율 +1.00.",CriticalDestiny,100,0,0,0,3,,0,0,일반공격·치명타,집중은 자연 치명타로 사라지지 않음. 강화 공격 후 초기화. 확정 치명타 효과끼리 배율 중복 적용 금지.,None,,
augment_endless_barrage,끝없는 맹공,Legendary,1,일반공격 6회 적중 행동마다 2초간 맹공. 기간 중 본체 최종 피해의 50% 추가타가 매 공격에 발생.,EndlessBarrage,50,0,0,2,6,,0,0,일반공격·추가타,맹공 중 카운트 중지. 추가타 연쇄 재발동/치명타 없음.,None,,
augment_living_fortress,살아 있는 요새,Legendary,1,"적의 실제 HP 피해와 보호막 흡수 피해를 합쳐 최대 HP 20%를 견디면 최대 HP 15% 보호막 4초, 4초간 피해 +35%.",LivingFortress,15,35,0,4,1,,20,8,방어·스킬·일반공격,발동 중 누적 중지. 내부 쿨타임 8초. 무적/회피/자해 제외.,None,,
augment_perfect_reversal,완벽한 역전,Legendary,1,실제 회피 3회 성공 시 다음 일반공격의 본체 피해 +100% 및 치명타 확정. 적중 시 최대 HP 8% 회복.,PerfectReversal,100,8,0,0,3,,0,6,회피·치명타·회복,"강화 1개 저장, 저장 중 누적 중지. 내부 쿨타임 6초.",None,,
augment_raging_combustion,폭주 연소,Legendary,1,화상 대상에게 직접 치명타 행동을 3회 적중시키면 기본 공격력 250% 화염 추가타.,RagingCombustion,250,0,0,0,3,,0,2,화상·치명타,"내부 쿨타임 2초, 그동안 누적 중지. DoT/파생 추가타 카운트 제외. 기존 화상 소비하지 않음.","Burn, Critical",,
augment_twin_mastery,쌍극의 대가,Legendary,1,"일반공격 적중과 스킬 정상 종료를 번갈아 4번 달성하면 4초간 일반공격·스킬 피해 +40%, 일반공격 최종 피해 30% 추가타.",TwinMastery,40,30,0,4,4,,0,0,일반공격·스킬,같은 행동 반복은 진척 없이 유지. 발동 중 누적 중지. 추가타 연쇄 재발동 없음. 봉인과 배타.,CommonSkill,,
augment_venom_sovereign,맹독 지배,Legendary,1,중독 대상에게 직접 치명타 행동을 적중시키면 중독 현재 틱 피해 2배를 별도 독 추가타로 즉시 적용.,VenomSovereign,200,0,0,0,1,,0,0.5,중독·치명타,내부 쿨타임 0.5초. 기존 틱 시간을 변경하지 않음. 추가타는 중독 틱 가속/치명타/연쇄 재발동 대상 아님.,"Poison, Critical",,
