"id","name","grade","kind","mechanic","maximumStacks","price","primaryValue","secondaryValue","duration","description","effects"
"item_abyss_heart","심해의 심장","Unique","Equipment","None","1","150","0","0","0","일반공격 적중 시 일반공격 피해의 40% 물 추가타 4회. 재사용 16초.",""
"item_aqua_pearl","물빛 진주","Common","Equipment","None","1","35","0","0","0","일반공격 적중 시 일반공격 피해의 5% 추가 속성 피해. 재사용 12초.",""
"item_assassin_sword","암살자의 검","Rare","Equipment","None","1","80","0","0","0","치명타 확률 20% 증가.","CriticalChancePercent:20"
"item_balance_talisman","균형의 부적","Rare","Equipment","None","1","80","0","0","0","최대 HP·일반공격·스킬 피해 각각 8% 증가.","MaxHPPercent:8;AttackDamagePercent:8;SkillDamagePercent:8"
"item_barrier_stone","수호 결계석","Epic","Consumable","BarrierStone","3","130","30","0","8","사용 시 최대 HP의 30% 보호막을 8초간 획득",""
"item_blood_potion","피의 물약","Rare","Consumable","BloodPotion","3","75","25","25","6","최대 HP의 25%를 회복하고 6초간 일반 공격 피해 25% 증가",""
"item_blood_tome","혈투의 서","Unique","Equipment","None","1","150","20","200","10","스킬 적중 시 최대 HP의 3% 회복. 재사용 20초.",""
"item_breeze_feather","산들 깃털","Common","Equipment","None","1","35","0","0","0","일반공격 적중 시 일반공격 피해의 5% 추가 속성 피해. 재사용 12초.",""
"item_burst_core","버스트 코어","Rare","Consumable","BurstCore","3","70","0","0","0","사용 시 남은 스킬 쿨타임 즉시 초기화",""
"item_chain_lightning","연쇄 번개","Rare","Equipment","None","1","80","0","0","0","일반공격 적중 시 일반공격 피해의 25% 번개 추가타 3회. 재사용 12초.",""
"item_chrono_gear","시간의 톱니","Unique","Equipment","None","1","150","0","0","0","일반공격과 스킬 쿨타임 12% 감소.","AttackCooldownPercent:12;SkillCooldownPercent:12"
"item_dawn_shard","여명 조각","Common","Equipment","None","1","35","0","0","0","일반공격 적중 시 일반공격 피해의 5% 추가 속성 피해. 재사용 12초.",""
"item_desperate_stand","배수의 진","Unique","Equipment","None","1","150","0","0","5","HP 30% 미만에서 일반공격 적중 시 일반공격 피해의 180% 암흑 피해. 재사용 8초.",""
"item_echo_crystal","메아리 수정","Unique","Equipment","None","1","150","50","0","0","추가 공격은 발동 조건 충족 2초 후 시작. 스킬 적중 시 스킬 피해의 30% 빛 추가타 3회. 재사용 18초.",""
"item_ember_bead","불씨 구슬","Common","Equipment","None","1","35","0","0","0","일반공격 적중 시 일반공격 피해의 5% 추가 속성 피해. 재사용 12초.",""
"item_emergency_accelerator","비상용 가속 장치","Unique","Equipment","None","1","150","0","0","3","공격 회피 성공 시 남은 스킬 쿨타임 2초 단축. 재사용 12초.",""
"item_executioner_mark","처형자의 표식","Unique","Equipment","ExecutionerMark","1","150","50","0","0","HP 40% 이하인 적에게 기존 처형 효과: 일반공격·스킬 피해 50% 증가.",""
"item_frost_witch_tear","서리 마녀의 눈물","Rare","Consumable","FrostWitchTear","3","70","50","0","5","사용 시 5초간 적 공격속도 50% 둔화",""
"item_giant_roar","거인의 외침","Rare","Equipment","None","1","80","0","0","3","피격 시 스킬 피해의 40% 대지 피해 및 1초 기절. 재사용 12초.",""
"item_glacier_crown","빙하왕관","Legendary","Equipment","None","1","250","0","0","0","추가 공격은 발동 조건 충족 2초 후 시작. 스킬 적중 시 스킬 피해의 70% 얼음 추가타 4회 및 4초간 30% 둔화. 재사용 22초.",""
"item_greater_healing_potion","고급 회복약","Rare","Consumable","GreaterHealingPotion","3","65","40","0","0","사용 시 최대 HP의 40% 즉시 회복",""
"item_ground_fissure","대지 균열","Rare","Equipment","None","1","80","0","0","0","공격 회피 성공 시 스킬 피해의 80% 대지 피해. 재사용 12초.",""
"item_guardian_brooch","수호석","Common","Equipment","None","1","80","12","0","0","피격 시 해당 공격의 최종 피해 12% 감소. 재사용 15초.",""
"item_hardened_armor","단단한 갑옷","Common","Equipment","None","1","35","0","0","0","최대 HP 20% 증가.","MaxHPPercent:20"
"item_hardened_claw","단단한 발톱","Common","Equipment","None","1","35","0","0","0","일반공격 피해 10% 증가.","AttackDamagePercent:10"
"item_healing_potion","회복약","Common","Consumable","HealingPotion","3","30","20","0","0","사용 시 최대 HP의 20% 즉시 회복",""
"item_hero_sword","용사의 검","Common","Equipment","None","1","35","0","0","0","스킬 피해 10% 증가.","SkillDamagePercent:10"
"item_ice_needle","얼음 바늘","Common","Equipment","None","1","35","0","0","0","일반공격 적중 시 일반공격 피해의 5% 추가 속성 피해. 재사용 12초.",""
"item_inferno_breath","업화의 숨결","Rare","Equipment","None","1","80","30","0","5","추가 공격은 발동 조건 충족 2초 후 시작. 스킬 적중 시 스킬 피해의 50% 화염 피해 및 기존 화상 3초(초당 5 피해). 재사용 12초.",""
"item_infighting_glove","화염구","Rare","Equipment","None","1","75","0","0","0","일반공격 적중 시 화염구 발사. 공격력의 10% 추가 피해. 재사용 10초.",""
"item_keen_ring","예리한 반지","Common","Equipment","None","1","35","0","0","0","치명타 피해 15% 증가.","CriticalDamagePercent:15"
"item_light_boots","가벼운 장화","Common","Equipment","None","1","35","0","0","0","회피 쿨타임 10% 감소.","DodgeCooldownPercent:10"
"item_light_purification_rod","빛의 정화봉","Unique","Consumable","PurificationRod","3","220","0","0","0","사용 시 HP를 100% 회복",""
"item_mana_prism","서리 창","Rare","Equipment","None","1","70","0","0","0","추가 공격은 발동 조건 충족 2초 후 시작. 스킬 적중 시 서리 창. 스킬 피해의 25% 추가 피해 및 3초간 30% 둔화. 재사용 12초.",""
"item_meteor_fragment","유성 낙하","Unique","Equipment","None","1","130","0","0","0","추가 공격은 발동 조건 충족 2초 후 시작. 스킬 사용 시 운석 낙하. 스킬 피해의 30% 추가 피해. 재사용 15초.",""
"item_pebble_charm","돌멩이 부적","Common","Equipment","None","1","35","0","0","0","일반공격 적중 시 일반공격 피해의 5% 추가 속성 피해. 재사용 12초.",""
"item_phoenix_feather","불사조의 깃털","Legendary","Equipment","PhoenixFeather","1","250","25","0","0","전투당 1회, 치명상 시 최대 HP의 25%로 부활.",""
"item_poison_fang","독니","Rare","Equipment","None","1","80","35","0","0","추가 공격은 발동 조건 충족 2초 후 시작. 스킬 적중 시 스킬 피해의 35% 암흑 피해 및 기존 중독(기본 초당 5 피해, 전투 종료까지). 재사용 10초.",""
"item_sanctuary_seal","성역의 인장","Unique","Equipment","None","1","150","0","0","0","추가 공격은 발동 조건 충족 2초 후 시작. 스킬 사용 시 스킬 피해의 60% 빛 추가타 3회. 재사용 18초.",""
"item_shadow_chip","그림자 파편","Common","Equipment","None","1","35","0","0","0","일반공격 적중 시 일반공격 피해의 5% 추가 속성 피해. 재사용 12초.",""
"item_solar_core","태양 핵","Legendary","Equipment","None","1","250","0","0","0","추가 공격은 발동 조건 충족 2초 후 시작. 스킬 사용 시 스킬 피해의 100% 화염 운석 3회. 재사용 24초.",""
"item_spark_pin","전류 핀","Common","Equipment","None","1","35","0","0","0","일반공격 적중 시 일반공격 피해의 5% 추가 속성 피해. 재사용 12초.",""
"item_stun_gun","전기충격기","Epic","Consumable","StunGun","3","135","0","0","5","사용 시 적의 행동을 5초간 봉쇄",""
"item_thunder_spear","천둥왕의 창","Legendary","Equipment","None","1","250","0","0","0","일반공격 적중 시 일반공격 피해의 60% 번개 추가타 5회. 재사용 20초.",""
"item_time_shard","시공의 파편","Epic","Consumable","TimeShard","3","120","0","0","1","사용 시 1초간 모든 피해에 무적",""
"item_vital_seed","생명의 씨앗","Common","Equipment","None","1","35","0","0","0","최대 HP 10% 증가.","MaxHPPercent:10"
"item_void_lens","공허의 렌즈","Unique","Equipment","None","1","150","0","0","0","추가 공격은 발동 조건 충족 2초 후 시작. 스킬 적중 시 스킬 피해의 60% 암흑 추가타 3회. 재사용 18초.",""
"item_weakness_lens","약점 분석 렌즈","Epic","Consumable","WeaknessLens","3","125","100","0","5","사용 시 5초간 치명타 확률 100% 증가",""
"item_world_seed","세계수의 씨앗","Legendary","Equipment","None","1","250","0","0","0","피격 후 최대 HP의 10% 회복 및 최대 HP 20% 보호막 6초. 재사용 25초.",""
"item_yata_mirror","회오리 장치","Rare","Equipment","None","1","75","0","0","0","실제 회피 성공 시 회오리. 공격력의 30% 추가 피해. 재사용 12초.",""
