"Path","Hash"
"C:\Users\PC\Dragon_Tower\Assets\Scripts\BattleModel.cs","7F03B0348D16276C0E76F75BC36B8B9206A963F4D64AF4FD5E7BE48ACD5A8D71"
"C:\Users\PC\Dragon_Tower\Assets\Scripts\SkillData.cs","E3C0BA2BC7876DD847101CEAF172F2AD609796ED3B48C7961DB678DC008700B3"
"C:\Users\PC\Dragon_Tower\Assets\Scripts\BattleController.cs","DEEF0ABE2A1183BA4EC6FDFBC58676E9CB09FD6FD38D3B26818DC1A5135936D6"
"C:\Users\PC\Dragon_Tower\Assets\Scripts\GaleSlashVfx.cs","5FD4F1700DF761E79F4AD02005C6E525C9259DBA6900585B3B7CF1501D59809A"
"C:\Users\PC\Dragon_Tower\Assets\Scripts\GaleSlashFeedback.cs","74A7C7F580674851FBF0713EF2767C8AC735C3D176A61182EB41A10E78F0B224"
"C:\Users\PC\Dragon_Tower\Assets\Scripts\GaleStrikeVfx.cs","A9322AE91BCAC1472448B80D836F94283D60825899627422B378BD6503906040"
"C:\Users\PC\Dragon_Tower\Assets\Scripts\WindBladeVfx.cs","9B4090445A9DEF03134FF4A42BCE197AB0EC0FFB712324792EFC77B5F79BF514"
"C:\Users\PC\Dragon_Tower\Assets\Scripts\ZephyrWindVfx.cs","6A73E2549849A226A94DDAC34E11263A0168EB32E55A7647E10B65CAC5A43B7F"
"C:\Users\PC\Dragon_Tower\Assets\Data\Skills\skill_wind_claw.asset","BCDFF0713DBC0D94655EDCBD98A8E0606B3BA672E2C5BD13BED346F332AFE31A"
"C:\Users\PC\Dragon_Tower\Assets\Resources\VFX\WindClaw.png","2E852CDAE6FA53245E20D408C5866CB85B306663DD4FBF8E85473E41CFAA8CA4"
"C:\Users\PC\Dragon_Tower\Assets\Scripts\BattleView.Controls.cs","4FD97353410D324FD872E61BBFB7987D19A85CC7EA7A33A690FA2968C7E14F98"
"C:\Users\PC\Dragon_Tower\Assets\Scripts\BattleView.cs","A81E073331494A1C0661B21C276B1ABCF94B72C6C43642BEEF275872E647C0A4"
"C:\Users\PC\Dragon_Tower\Assets\Scripts\BattleView.ElementTheme.cs","D588B94EE8392D4683F486FB18A1F0365545AE7DFCFCE6C8B5707A02A6508C0A"
"C:\Users\PC\Dragon_Tower\Assets\Scripts\BattleView.FantasyHud.cs","7A52A5B2BDB9BE5376F7A3485C84A24F5FE5860EE6CE991457388B1AE559FD96"
"C:\Users\PC\Dragon_Tower\Assets\Scripts\BattleView.OverlaySlots.cs","6B90E8C1314F35536FB9EE01AC8446FE6BF42EB5DAC7285F62012CF0E5D9C4C9"
"C:\Users\PC\Dragon_Tower\Assets\Scripts\BattleView.ReferenceHud.cs","2159F5FA114516BCFB4B397F909B984B32A565BACB051A39975FBE2C5CE5FD52"
