"Algorithm","Hash","Path"
"SHA256","7F03B0348D16276C0E76F75BC36B8B9206A963F4D64AF4FD5E7BE48ACD5A8D71","C:\Users\PC\Dragon_Tower\Assets\Scripts\BattleModel.cs"
"SHA256","E3C0BA2BC7876DD847101CEAF172F2AD609796ED3B48C7961DB678DC008700B3","C:\Users\PC\Dragon_Tower\Assets\Scripts\SkillData.cs"
"SHA256","D4A9A937DD437B6E4E98B4A1E0AADBF049C8BA89D93B5185D77ABD79DADD1A21","C:\Users\PC\Dragon_Tower\Assets\Scripts\TowerRun.cs"
"SHA256","CB1DE065C0680E3643F694E6D8EF4DBCB5C6237A3856A4D931D4648313330227","C:\Users\PC\Dragon_Tower\Assets\Data\Skills\skill_falling_flower.asset"
"SHA256","4FD97353410D324FD872E61BBFB7987D19A85CC7EA7A33A690FA2968C7E14F98","C:\Users\PC\Dragon_Tower\Assets\Scripts\BattleView.Controls.cs"
"SHA256","A81E073331494A1C0661B21C276B1ABCF94B72C6C43642BEEF275872E647C0A4","C:\Users\PC\Dragon_Tower\Assets\Scripts\BattleView.cs"
"SHA256","D588B94EE8392D4683F486FB18A1F0365545AE7DFCFCE6C8B5707A02A6508C0A","C:\Users\PC\Dragon_Tower\Assets\Scripts\BattleView.ElementTheme.cs"
"SHA256","7A52A5B2BDB9BE5376F7A3485C84A24F5FE5860EE6CE991457388B1AE559FD96","C:\Users\PC\Dragon_Tower\Assets\Scripts\BattleView.FantasyHud.cs"
"SHA256","6B90E8C1314F35536FB9EE01AC8446FE6BF42EB5DAC7285F62012CF0E5D9C4C9","C:\Users\PC\Dragon_Tower\Assets\Scripts\BattleView.OverlaySlots.cs"
"SHA256","2159F5FA114516BCFB4B397F909B984B32A565BACB051A39975FBE2C5CE5FD52","C:\Users\PC\Dragon_Tower\Assets\Scripts\BattleView.ReferenceHud.cs"
"SHA256","A9322AE91BCAC1472448B80D836F94283D60825899627422B378BD6503906040","C:\Users\PC\Dragon_Tower\Assets\Scripts\GaleStrikeVfx.cs"
"SHA256","6A73E2549849A226A94DDAC34E11263A0168EB32E55A7647E10B65CAC5A43B7F","C:\Users\PC\Dragon_Tower\Assets\Scripts\ZephyrWindVfx.cs"
